collection_id,check,score,error,hint
SENTINEL1_L1_SLC,validate_response_ogc_eox_extension_compliance,0,"[""https://catalogue.nextgeoss.eu/opensearch/search.atom?productType=SENTINEL1_L1_SLC&:440:30: error: unfinished element""]",<span>See the </span> <a class='dialog' target='_blank' href='/cwic-smart/assets/osxeo/atomeo_0.rnc'>OGC OpenSearch Extension for Earth Observation atomeo.rnc RELAX NG schema</a> <span>for required ATOM response contents.</span>
SENTINEL1_L1_GRD,validate_response_ogc_eox_extension_compliance,0,"[""https://catalogue.nextgeoss.eu/opensearch/search.atom?productType=SENTINEL1_L1_GRD&:440:30: error: unfinished element""]",<span>See the </span> <a class='dialog' target='_blank' href='/cwic-smart/assets/osxeo/atomeo_0.rnc'>OGC OpenSearch Extension for Earth Observation atomeo.rnc RELAX NG schema</a> <span>for required ATOM response contents.</span>
SENTINEL1_L2_OCN,validate_response_ogc_eox_extension_compliance,0,"[""https://catalogue.nextgeoss.eu/opensearch/search.atom?productType=SENTINEL1_L2_OCN&:440:30: error: unfinished element""]",<span>See the </span> <a class='dialog' target='_blank' href='/cwic-smart/assets/osxeo/atomeo_0.rnc'>OGC OpenSearch Extension for Earth Observation atomeo.rnc RELAX NG schema</a> <span>for required ATOM response contents.</span>
SENTINEL2_L1C,validate_response_ogc_eox_extension_compliance,0,"[""https://catalogue.nextgeoss.eu/opensearch/search.atom?productType=SENTINEL2_L1C&:460:30: error: unfinished element""]",<span>See the </span> <a class='dialog' target='_blank' href='/cwic-smart/assets/osxeo/atomeo_0.rnc'>OGC OpenSearch Extension for Earth Observation atomeo.rnc RELAX NG schema</a> <span>for required ATOM response contents.</span>
SENTINEL2_L2A,validate_response_ogc_eox_extension_compliance,0,"[""https://catalogue.nextgeoss.eu/opensearch/search.atom?productType=SENTINEL2_L2A&:460:30: error: unfinished element""]",<span>See the </span> <a class='dialog' target='_blank' href='/cwic-smart/assets/osxeo/atomeo_0.rnc'>OGC OpenSearch Extension for Earth Observation atomeo.rnc RELAX NG schema</a> <span>for required ATOM response contents.</span>
SENTINEL3_SRAL_L1_CAL,validate_response_ogc_eox_extension_compliance,0,"[""https://catalogue.nextgeoss.eu/opensearch/search.atom?productType=SENTINEL3_SRAL_L1_CAL&:19:15: error: unfinished element""]",<span>See the </span> <a class='dialog' target='_blank' href='/cwic-smart/assets/osxeo/atomeo_0.rnc'>OGC OpenSearch Extension for Earth Observation atomeo.rnc RELAX NG schema</a> <span>for required ATOM response contents.</span>
SENTINEL3_SRAL_L1_SRA,validate_response_ogc_eox_extension_compliance,0,"[""https://catalogue.nextgeoss.eu/opensearch/search.atom?productType=SENTINEL3_SRAL_L1_SRA&:500:30: error: unfinished element""]",<span>See the </span> <a class='dialog' target='_blank' href='/cwic-smart/assets/osxeo/atomeo_0.rnc'>OGC OpenSearch Extension for Earth Observation atomeo.rnc RELAX NG schema</a> <span>for required ATOM response contents.</span>
SENTINEL3_SRAL_L2_LAN,validate_response_ogc_eox_extension_compliance,0,"[""https://catalogue.nextgeoss.eu/opensearch/search.atom?productType=SENTINEL3_SRAL_L2_LAN&:500:30: error: unfinished element""]",<span>See the </span> <a class='dialog' target='_blank' href='/cwic-smart/assets/osxeo/atomeo_0.rnc'>OGC OpenSearch Extension for Earth Observation atomeo.rnc RELAX NG schema</a> <span>for required ATOM response contents.</span>
SENTINEL3_SRAL_L2_WAT,validate_response_ogc_eox_extension_compliance,0,"[""https://catalogue.nextgeoss.eu/opensearch/search.atom?productType=SENTINEL3_SRAL_L2_WAT&:19:15: error: unfinished element""]",<span>See the </span> <a class='dialog' target='_blank' href='/cwic-smart/assets/osxeo/atomeo_0.rnc'>OGC OpenSearch Extension for Earth Observation atomeo.rnc RELAX NG schema</a> <span>for required ATOM response contents.</span>
SENTINEL3_OLCI_L1_EFR,validate_response_ogc_eox_extension_compliance,0,"[""https://catalogue.nextgeoss.eu/opensearch/search.atom?productType=SENTINEL3_OLCI_L1_EFR&:420:30: error: unfinished element""]",<span>See the </span> <a class='dialog' target='_blank' href='/cwic-smart/assets/osxeo/atomeo_0.rnc'>OGC OpenSearch Extension for Earth Observation atomeo.rnc RELAX NG schema</a> <span>for required ATOM response contents.</span>
SENTINEL3_OLCI_L1_ERR,validate_response_ogc_eox_extension_compliance,0,"[""https://catalogue.nextgeoss.eu/opensearch/search.atom?productType=SENTINEL3_OLCI_L1_ERR&:420:30: error: unfinished element""]",<span>See the </span> <a class='dialog' target='_blank' href='/cwic-smart/assets/osxeo/atomeo_0.rnc'>OGC OpenSearch Extension for Earth Observation atomeo.rnc RELAX NG schema</a> <span>for required ATOM response contents.</span>
SENTINEL3_OLCI_L2_LFR,validate_response_ogc_eox_extension_compliance,0,"[""https://catalogue.nextgeoss.eu/opensearch/search.atom?productType=SENTINEL3_OLCI_L2_LFR&:420:30: error: unfinished element""]",<span>See the </span> <a class='dialog' target='_blank' href='/cwic-smart/assets/osxeo/atomeo_0.rnc'>OGC OpenSearch Extension for Earth Observation atomeo.rnc RELAX NG schema</a> <span>for required ATOM response contents.</span>
SENTINEL3_OLCI_L2_LRR,validate_response_ogc_eox_extension_compliance,0,"[""https://catalogue.nextgeoss.eu/opensearch/search.atom?productType=SENTINEL3_OLCI_L2_LRR&:420:30: error: unfinished element""]",<span>See the </span> <a class='dialog' target='_blank' href='/cwic-smart/assets/osxeo/atomeo_0.rnc'>OGC OpenSearch Extension for Earth Observation atomeo.rnc RELAX NG schema</a> <span>for required ATOM response contents.</span>
SENTINEL3_SLSTR_L1_RBT,validate_response_ogc_eox_extension_compliance,0,"[""https://catalogue.nextgeoss.eu/opensearch/search.atom?productType=SENTINEL3_SLSTR_L1_RBT&:460:30: error: unfinished element""]",<span>See the </span> <a class='dialog' target='_blank' href='/cwic-smart/assets/osxeo/atomeo_0.rnc'>OGC OpenSearch Extension for Earth Observation atomeo.rnc RELAX NG schema</a> <span>for required ATOM response contents.</span>
SENTINEL3_SLSTR_L2_LST,validate_response_ogc_eox_extension_compliance,0,"[""https://catalogue.nextgeoss.eu/opensearch/search.atom?productType=SENTINEL3_SLSTR_L2_LST&:460:30: error: unfinished element""]",<span>See the </span> <a class='dialog' target='_blank' href='/cwic-smart/assets/osxeo/atomeo_0.rnc'>OGC OpenSearch Extension for Earth Observation atomeo.rnc RELAX NG schema</a> <span>for required ATOM response contents.</span>
SENTINEL5P_OFFL_L1B,validate_response_ogc_eox_extension_compliance,0,"[""https://catalogue.nextgeoss.eu/opensearch/search.atom?productType=SENTINEL5P_OFFL_L1B&:19:15: error: unfinished element""]",<span>See the </span> <a class='dialog' target='_blank' href='/cwic-smart/assets/osxeo/atomeo_0.rnc'>OGC OpenSearch Extension for Earth Observation atomeo.rnc RELAX NG schema</a> <span>for required ATOM response contents.</span>
SENTINEL5P_OFFL_L2,validate_response_ogc_eox_extension_compliance,0,"[""https://catalogue.nextgeoss.eu/opensearch/search.atom?productType=SENTINEL5P_OFFL_L2&:520:30: error: unfinished element""]",<span>See the </span> <a class='dialog' target='_blank' href='/cwic-smart/assets/osxeo/atomeo_0.rnc'>OGC OpenSearch Extension for Earth Observation atomeo.rnc RELAX NG schema</a> <span>for required ATOM response contents.</span>
SENTINEL5P_NRTI_L2,validate_response_ogc_eox_extension_compliance,0,"[""https://catalogue.nextgeoss.eu/opensearch/search.atom?productType=SENTINEL5P_NRTI_L2&:19:15: error: unfinished element""]",<span>See the </span> <a class='dialog' target='_blank' href='/cwic-smart/assets/osxeo/atomeo_0.rnc'>OGC OpenSearch Extension for Earth Observation atomeo.rnc RELAX NG schema</a> <span>for required ATOM response contents.</span>
SENTINEL5P_RPRO_L2,validate_response_ogc_eox_extension_compliance,0,"[""https://catalogue.nextgeoss.eu/opensearch/search.atom?productType=SENTINEL5P_RPRO_L2&:19:15: error: unfinished element""]",<span>See the </span> <a class='dialog' target='_blank' href='/cwic-smart/assets/osxeo/atomeo_0.rnc'>OGC OpenSearch Extension for Earth Observation atomeo.rnc RELAX NG schema</a> <span>for required ATOM response contents.</span>
METNO-GLO-SEAICE_CONC-SOUTH-L4-NRT-OBS,validate_response_ogc_eox_extension_compliance,0,"[""https://catalogue.nextgeoss.eu/opensearch/search.atom?productType=METNO-GLO-SEAICE_CONC-SOUTH-L4-NRT-OBS&:600:30: error: unfinished element""]",<span>See the </span> <a class='dialog' target='_blank' href='/cwic-smart/assets/osxeo/atomeo_0.rnc'>OGC OpenSearch Extension for Earth Observation atomeo.rnc RELAX NG schema</a> <span>for required ATOM response contents.</span>
METOFFICE-GLO-SST-L4-NRT-OBS-SST-V2,validate_response_ogc_eox_extension_compliance,0,"[""https://catalogue.nextgeoss.eu/opensearch/search.atom?productType=METOFFICE-GLO-SST-L4-NRT-OBS-SST-V2&:480:30: error: unfinished element""]",<span>See the </span> <a class='dialog' target='_blank' href='/cwic-smart/assets/osxeo/atomeo_0.rnc'>OGC OpenSearch Extension for Earth Observation atomeo.rnc RELAX NG schema</a> <span>for required ATOM response contents.</span>
METNO-GLO-SEAICE_CONC-SOUTH-L4-NRT-OBS,validate_response_ogc_eox_extension_compliance,0,"[""https://catalogue.nextgeoss.eu/opensearch/search.atom?productType=METNO-GLO-SEAICE_CONC-SOUTH-L4-NRT-OBS&:600:30: error: unfinished element""]",<span>See the </span> <a class='dialog' target='_blank' href='/cwic-smart/assets/osxeo/atomeo_0.rnc'>OGC OpenSearch Extension for Earth Observation atomeo.rnc RELAX NG schema</a> <span>for required ATOM response contents.</span>
ARCTIC_ANALYSIS_FORECAST_PHYS_002_001_A,validate_response_ogc_eox_extension_compliance,0,"[""https://catalogue.nextgeoss.eu/opensearch/search.atom?productType=ARCTIC_ANALYSIS_FORECAST_PHYS_002_001_A&:640:30: error: unfinished element""]",<span>See the </span> <a class='dialog' target='_blank' href='/cwic-smart/assets/osxeo/atomeo_0.rnc'>OGC OpenSearch Extension for Earth Observation atomeo.rnc RELAX NG schema</a> <span>for required ATOM response contents.</span>
SEALEVEL_GLO_PHY_L4_NRT_OBSERVATIONS_008_046,validate_response_ogc_eox_extension_compliance,0,"[""https://catalogue.nextgeoss.eu/opensearch/search.atom?productType=SEALEVEL_GLO_PHY_L4_NRT_OBSERVATIONS_008_046&:480:30: error: unfinished element""]",<span>See the </span> <a class='dialog' target='_blank' href='/cwic-smart/assets/osxeo/atomeo_0.rnc'>OGC OpenSearch Extension for Earth Observation atomeo.rnc RELAX NG schema</a> <span>for required ATOM response contents.</span>
GLOBAL_ANALYSIS_FORECAST_PHY_001_024,validate_response_ogc_eox_extension_compliance,0,"[""https://catalogue.nextgeoss.eu/opensearch/search.atom?productType=GLOBAL_ANALYSIS_FORECAST_PHY_001_024&:540:30: error: unfinished element""]",<span>See the </span> <a class='dialog' target='_blank' href='/cwic-smart/assets/osxeo/atomeo_0.rnc'>OGC OpenSearch Extension for Earth Observation atomeo.rnc RELAX NG schema</a> <span>for required ATOM response contents.</span>
MULTIOBS_GLO_PHY_NRT_015_003,validate_response_ogc_eox_extension_compliance,0,"[""https://catalogue.nextgeoss.eu/opensearch/search.atom?productType=MULTIOBS_GLO_PHY_NRT_015_003&:440:30: error: unfinished element""]",<span>See the </span> <a class='dialog' target='_blank' href='/cwic-smart/assets/osxeo/atomeo_0.rnc'>OGC OpenSearch Extension for Earth Observation atomeo.rnc RELAX NG schema</a> <span>for required ATOM response contents.</span>
METOP_A_GOME2_O3,validate_response_ogc_eox_extension_compliance,0,"[""https://catalogue.nextgeoss.eu/opensearch/search.atom?productType=METOP_A_GOME2_O3&:460:30: error: unfinished element""]",<span>See the </span> <a class='dialog' target='_blank' href='/cwic-smart/assets/osxeo/atomeo_0.rnc'>OGC OpenSearch Extension for Earth Observation atomeo.rnc RELAX NG schema</a> <span>for required ATOM response contents.</span>
METOP_A_GOME2_NO2,validate_response_ogc_eox_extension_compliance,0,"[""https://catalogue.nextgeoss.eu/opensearch/search.atom?productType=METOP_A_GOME2_NO2&:460:30: error: unfinished element""]",<span>See the </span> <a class='dialog' target='_blank' href='/cwic-smart/assets/osxeo/atomeo_0.rnc'>OGC OpenSearch Extension for Earth Observation atomeo.rnc RELAX NG schema</a> <span>for required ATOM response contents.</span>
METOP_A_GOME2_TropNO2,validate_response_ogc_eox_extension_compliance,0,"[""https://catalogue.nextgeoss.eu/opensearch/search.atom?productType=METOP_A_GOME2_TropNO2&:480:30: error: unfinished element""]",<span>See the </span> <a class='dialog' target='_blank' href='/cwic-smart/assets/osxeo/atomeo_0.rnc'>OGC OpenSearch Extension for Earth Observation atomeo.rnc RELAX NG schema</a> <span>for required ATOM response contents.</span>
METOP_A_GOME2_SO2,validate_response_ogc_eox_extension_compliance,0,"[""https://catalogue.nextgeoss.eu/opensearch/search.atom?productType=METOP_A_GOME2_SO2&:327:30: error: unfinished element""]",<span>See the </span> <a class='dialog' target='_blank' href='/cwic-smart/assets/osxeo/atomeo_0.rnc'>OGC OpenSearch Extension for Earth Observation atomeo.rnc RELAX NG schema</a> <span>for required ATOM response contents.</span>
METOP_A_GOME2_SO2mass,validate_response_ogc_eox_extension_compliance,0,"[""https://catalogue.nextgeoss.eu/opensearch/search.atom?productType=METOP_A_GOME2_SO2mass&:249:30: error: unfinished element""]",<span>See the </span> <a class='dialog' target='_blank' href='/cwic-smart/assets/osxeo/atomeo_0.rnc'>OGC OpenSearch Extension for Earth Observation atomeo.rnc RELAX NG schema</a> <span>for required ATOM response contents.</span>
PROBAV_L2A_333M_V001,validate_response_ogc_eox_extension_compliance,0,"[""https://catalogue.nextgeoss.eu/opensearch/search.atom?productType=PROBAV_L2A_333M_V001&:19:15: error: unfinished element""]",<span>See the </span> <a class='dialog' target='_blank' href='/cwic-smart/assets/osxeo/atomeo_0.rnc'>OGC OpenSearch Extension for Earth Observation atomeo.rnc RELAX NG schema</a> <span>for required ATOM response contents.</span>
PROBAV_S1-TOC_1KM_V001,validate_response_ogc_eox_extension_compliance,0,"[""https://catalogue.nextgeoss.eu/opensearch/search.atom?productType=PROBAV_S1-TOC_1KM_V001&:400:30: error: unfinished element""]",<span>See the </span> <a class='dialog' target='_blank' href='/cwic-smart/assets/osxeo/atomeo_0.rnc'>OGC OpenSearch Extension for Earth Observation atomeo.rnc RELAX NG schema</a> <span>for required ATOM response contents.</span>
PROBAV_S1-TOA_1KM_V001,validate_response_ogc_eox_extension_compliance,0,"[""https://catalogue.nextgeoss.eu/opensearch/search.atom?productType=PROBAV_S1-TOA_1KM_V001&:400:30: error: unfinished element""]",<span>See the </span> <a class='dialog' target='_blank' href='/cwic-smart/assets/osxeo/atomeo_0.rnc'>OGC OpenSearch Extension for Earth Observation atomeo.rnc RELAX NG schema</a> <span>for required ATOM response contents.</span>
PROBAV_S10-TOC_1KM_V001,validate_response_ogc_eox_extension_compliance,0,"[""https://catalogue.nextgeoss.eu/opensearch/search.atom?productType=PROBAV_S10-TOC_1KM_V001&:400:30: error: unfinished element""]",<span>See the </span> <a class='dialog' target='_blank' href='/cwic-smart/assets/osxeo/atomeo_0.rnc'>OGC OpenSearch Extension for Earth Observation atomeo.rnc RELAX NG schema</a> <span>for required ATOM response contents.</span>
PROBAV_S10-TOC-NDVI_1KM_V001,validate_response_ogc_eox_extension_compliance,0,"[""https://catalogue.nextgeoss.eu/opensearch/search.atom?productType=PROBAV_S10-TOC-NDVI_1KM_V001&:400:30: error: unfinished element""]",<span>See the </span> <a class='dialog' target='_blank' href='/cwic-smart/assets/osxeo/atomeo_0.rnc'>OGC OpenSearch Extension for Earth Observation atomeo.rnc RELAX NG schema</a> <span>for required ATOM response contents.</span>
PROBAV_L2A_1KM_V001,validate_response_ogc_eox_extension_compliance,0,"[""https://catalogue.nextgeoss.eu/opensearch/search.atom?productType=PROBAV_L2A_1KM_V001&:400:30: error: unfinished element""]",<span>See the </span> <a class='dialog' target='_blank' href='/cwic-smart/assets/osxeo/atomeo_0.rnc'>OGC OpenSearch Extension for Earth Observation atomeo.rnc RELAX NG schema</a> <span>for required ATOM response contents.</span>
PROBAV_P_V001,validate_response_ogc_eox_extension_compliance,0,"[""https://catalogue.nextgeoss.eu/opensearch/search.atom?productType=PROBAV_P_V001&:380:30: error: unfinished element""]",<span>See the </span> <a class='dialog' target='_blank' href='/cwic-smart/assets/osxeo/atomeo_0.rnc'>OGC OpenSearch Extension for Earth Observation atomeo.rnc RELAX NG schema</a> <span>for required ATOM response contents.</span>
PROBAV_S1-TOC_333M_V001,validate_response_ogc_eox_extension_compliance,0,"[""https://catalogue.nextgeoss.eu/opensearch/search.atom?productType=PROBAV_S1-TOC_333M_V001&:19:15: error: unfinished element""]",<span>See the </span> <a class='dialog' target='_blank' href='/cwic-smart/assets/osxeo/atomeo_0.rnc'>OGC OpenSearch Extension for Earth Observation atomeo.rnc RELAX NG schema</a> <span>for required ATOM response contents.</span>
PROBAV_S1-TOA_333M_V001,validate_response_ogc_eox_extension_compliance,0,"[""https://catalogue.nextgeoss.eu/opensearch/search.atom?productType=PROBAV_S1-TOA_333M_V001&:19:15: error: unfinished element""]",<span>See the </span> <a class='dialog' target='_blank' href='/cwic-smart/assets/osxeo/atomeo_0.rnc'>OGC OpenSearch Extension for Earth Observation atomeo.rnc RELAX NG schema</a> <span>for required ATOM response contents.</span>
PROBAV_S10-TOC_333M_V001,validate_response_ogc_eox_extension_compliance,0,"[""https://catalogue.nextgeoss.eu/opensearch/search.atom?productType=PROBAV_S10-TOC_333M_V001&:19:15: error: unfinished element""]",<span>See the </span> <a class='dialog' target='_blank' href='/cwic-smart/assets/osxeo/atomeo_0.rnc'>OGC OpenSearch Extension for Earth Observation atomeo.rnc RELAX NG schema</a> <span>for required ATOM response contents.</span>
PROBAV_S10-TOC-NDVI_333M_V001,validate_response_ogc_eox_extension_compliance,0,"[""https://catalogue.nextgeoss.eu/opensearch/search.atom?productType=PROBAV_S10-TOC-NDVI_333M_V001&:19:15: error: unfinished element""]",<span>See the </span> <a class='dialog' target='_blank' href='/cwic-smart/assets/osxeo/atomeo_0.rnc'>OGC OpenSearch Extension for Earth Observation atomeo.rnc RELAX NG schema</a> <span>for required ATOM response contents.</span>
PROBAV_S1-TOC_100M_V001,validate_response_ogc_eox_extension_compliance,0,"[""https://catalogue.nextgeoss.eu/opensearch/search.atom?productType=PROBAV_S1-TOC_100M_V001&:19:15: error: unfinished element""]",<span>See the </span> <a class='dialog' target='_blank' href='/cwic-smart/assets/osxeo/atomeo_0.rnc'>OGC OpenSearch Extension for Earth Observation atomeo.rnc RELAX NG schema</a> <span>for required ATOM response contents.</span>
PROBAV_S1-TOA_100M_V001,validate_response_ogc_eox_extension_compliance,0,"[""https://catalogue.nextgeoss.eu/opensearch/search.atom?productType=PROBAV_S1-TOA_100M_V001&:19:15: error: unfinished element""]",<span>See the </span> <a class='dialog' target='_blank' href='/cwic-smart/assets/osxeo/atomeo_0.rnc'>OGC OpenSearch Extension for Earth Observation atomeo.rnc RELAX NG schema</a> <span>for required ATOM response contents.</span>
PROBAV_S1-TOC-NDVI_100M_V001,validate_response_ogc_eox_extension_compliance,0,"[""https://catalogue.nextgeoss.eu/opensearch/search.atom?productType=PROBAV_S1-TOC-NDVI_100M_V001&:19:15: error: unfinished element""]",<span>See the </span> <a class='dialog' target='_blank' href='/cwic-smart/assets/osxeo/atomeo_0.rnc'>OGC OpenSearch Extension for Earth Observation atomeo.rnc RELAX NG schema</a> <span>for required ATOM response contents.</span>
PROBAV_S5-TOC_100M_V001,validate_response_ogc_eox_extension_compliance,0,"[""https://catalogue.nextgeoss.eu/opensearch/search.atom?productType=PROBAV_S5-TOC_100M_V001&:19:15: error: unfinished element""]",<span>See the </span> <a class='dialog' target='_blank' href='/cwic-smart/assets/osxeo/atomeo_0.rnc'>OGC OpenSearch Extension for Earth Observation atomeo.rnc RELAX NG schema</a> <span>for required ATOM response contents.</span>
PROBAV_S5-TOA_100M_V001,validate_response_ogc_eox_extension_compliance,0,"[""https://catalogue.nextgeoss.eu/opensearch/search.atom?productType=PROBAV_S5-TOA_100M_V001&:19:15: error: unfinished element""]",<span>See the </span> <a class='dialog' target='_blank' href='/cwic-smart/assets/osxeo/atomeo_0.rnc'>OGC OpenSearch Extension for Earth Observation atomeo.rnc RELAX NG schema</a> <span>for required ATOM response contents.</span>
PROBAV_S5-TOC-NDVI_100M_V001,validate_response_ogc_eox_extension_compliance,0,"[""https://catalogue.nextgeoss.eu/opensearch/search.atom?productType=PROBAV_S5-TOC-NDVI_100M_V001&:19:15: error: unfinished element""]",<span>See the </span> <a class='dialog' target='_blank' href='/cwic-smart/assets/osxeo/atomeo_0.rnc'>OGC OpenSearch Extension for Earth Observation atomeo.rnc RELAX NG schema</a> <span>for required ATOM response contents.</span>
PROBAV_L2A_100M_V001,validate_response_ogc_eox_extension_compliance,0,"[""https://catalogue.nextgeoss.eu/opensearch/search.atom?productType=PROBAV_L2A_100M_V001&:19:15: error: unfinished element""]",<span>See the </span> <a class='dialog' target='_blank' href='/cwic-smart/assets/osxeo/atomeo_0.rnc'>OGC OpenSearch Extension for Earth Observation atomeo.rnc RELAX NG schema</a> <span>for required ATOM response contents.</span>
OPEN_LAND_USE_MAP,validate_response_ogc_eox_extension_compliance,0,"[""https://catalogue.nextgeoss.eu/opensearch/search.atom?productType=OPEN_LAND_USE_MAP&:441:30: error: unfinished element""]",<span>See the </span> <a class='dialog' target='_blank' href='/cwic-smart/assets/osxeo/atomeo_0.rnc'>OGC OpenSearch Extension for Earth Observation atomeo.rnc RELAX NG schema</a> <span>for required ATOM response contents.</span>
TREE_SPECIES_DISTRIBUTION_HABITAT_SUITABILITY,validate_response_ogc_eox_extension_compliance,0,"[""https://catalogue.nextgeoss.eu/opensearch/search.atom?productType=TREE_SPECIES_DISTRIBUTION_HABITAT_SUITABILITY&:700:30: error: unfinished element""]",<span>See the </span> <a class='dialog' target='_blank' href='/cwic-smart/assets/osxeo/atomeo_0.rnc'>OGC OpenSearch Extension for Earth Observation atomeo.rnc RELAX NG schema</a> <span>for required ATOM response contents.</span>
FLOOD_HAZARD_EU_GL,validate_response_ogc_eox_extension_compliance,0,"[""https://catalogue.nextgeoss.eu/opensearch/search.atom?productType=FLOOD_HAZARD_EU_GL&:292:30: error: unfinished element""]",<span>See the </span> <a class='dialog' target='_blank' href='/cwic-smart/assets/osxeo/atomeo_0.rnc'>OGC OpenSearch Extension for Earth Observation atomeo.rnc RELAX NG schema</a> <span>for required ATOM response contents.</span>
RSP_AVHRR_1KM_ANNUAL_USA,validate_response_ogc_eox_extension_compliance,0,"[""https://catalogue.nextgeoss.eu/opensearch/search.atom?productType=RSP_AVHRR_1KM_ANNUAL_USA&:19:15: error: unfinished element""]",<span>See the </span> <a class='dialog' target='_blank' href='/cwic-smart/assets/osxeo/atomeo_0.rnc'>OGC OpenSearch Extension for Earth Observation atomeo.rnc RELAX NG schema</a> <span>for required ATOM response contents.</span>
EMODIS_PHENOLOGY_250M_ANNUAL_USA,validate_response_ogc_eox_extension_compliance,0,"[""https://catalogue.nextgeoss.eu/opensearch/search.atom?productType=EMODIS_PHENOLOGY_250M_ANNUAL_USA&:19:15: error: unfinished element""]",<span>See the </span> <a class='dialog' target='_blank' href='/cwic-smart/assets/osxeo/atomeo_0.rnc'>OGC OpenSearch Extension for Earth Observation atomeo.rnc RELAX NG schema</a> <span>for required ATOM response contents.</span>
EBV,validate_response_ogc_eox_extension_compliance,0,"[""https://catalogue.nextgeoss.eu/opensearch/search.atom?productType=EBV&:35:30: error: unfinished element""]",<span>See the </span> <a class='dialog' target='_blank' href='/cwic-smart/assets/osxeo/atomeo_0.rnc'>OGC OpenSearch Extension for Earth Observation atomeo.rnc RELAX NG schema</a> <span>for required ATOM response contents.</span>
DE2_PM4_L1B,validate_response_ogc_eox_extension_compliance,0,"[""https://catalogue.nextgeoss.eu/opensearch/search.atom?productType=DE2_PM4_L1B&:361:30: error: unfinished element""]",<span>See the </span> <a class='dialog' target='_blank' href='/cwic-smart/assets/osxeo/atomeo_0.rnc'>OGC OpenSearch Extension for Earth Observation atomeo.rnc RELAX NG schema</a> <span>for required ATOM response contents.</span>
DE2_PSH_L1B,validate_response_ogc_eox_extension_compliance,0,"[""https://catalogue.nextgeoss.eu/opensearch/search.atom?productType=DE2_PSH_L1B&:343:30: error: unfinished element""]",<span>See the </span> <a class='dialog' target='_blank' href='/cwic-smart/assets/osxeo/atomeo_0.rnc'>OGC OpenSearch Extension for Earth Observation atomeo.rnc RELAX NG schema</a> <span>for required ATOM response contents.</span>
DE2_PSH_L1C,validate_response_ogc_eox_extension_compliance,0,"[""https://catalogue.nextgeoss.eu/opensearch/search.atom?productType=DE2_PSH_L1C&:343:30: error: unfinished element""]",<span>See the </span> <a class='dialog' target='_blank' href='/cwic-smart/assets/osxeo/atomeo_0.rnc'>OGC OpenSearch Extension for Earth Observation atomeo.rnc RELAX NG schema</a> <span>for required ATOM response contents.</span>
NEXTGEOSS_SENTINEL2_FAPAR,validate_response_ogc_eox_extension_compliance,0,"[""https://catalogue.nextgeoss.eu/opensearch/search.atom?productType=NEXTGEOSS_SENTINEL2_FAPAR&:41:30: error: unfinished element""]",<span>See the </span> <a class='dialog' target='_blank' href='/cwic-smart/assets/osxeo/atomeo_0.rnc'>OGC OpenSearch Extension for Earth Observation atomeo.rnc RELAX NG schema</a> <span>for required ATOM response contents.</span>
NEXTGEOSS_SENTINEL2_FCOVER,validate_response_ogc_eox_extension_compliance,0,"[""https://catalogue.nextgeoss.eu/opensearch/search.atom?productType=NEXTGEOSS_SENTINEL2_FCOVER&:460:30: error: unfinished element""]",<span>See the </span> <a class='dialog' target='_blank' href='/cwic-smart/assets/osxeo/atomeo_0.rnc'>OGC OpenSearch Extension for Earth Observation atomeo.rnc RELAX NG schema</a> <span>for required ATOM response contents.</span>
NEXTGEOSS_SENTINEL2_LAI,validate_response_ogc_eox_extension_compliance,0,"[""https://catalogue.nextgeoss.eu/opensearch/search.atom?productType=NEXTGEOSS_SENTINEL2_LAI&:19:15: error: unfinished element""]",<span>See the </span> <a class='dialog' target='_blank' href='/cwic-smart/assets/osxeo/atomeo_0.rnc'>OGC OpenSearch Extension for Earth Observation atomeo.rnc RELAX NG schema</a> <span>for required ATOM response contents.</span>
NEXTGEOSS_SENTINEL2_NDVI,validate_response_ogc_eox_extension_compliance,0,"[""https://catalogue.nextgeoss.eu/opensearch/search.atom?productType=NEXTGEOSS_SENTINEL2_NDVI&:19:15: error: unfinished element""]",<span>See the </span> <a class='dialog' target='_blank' href='/cwic-smart/assets/osxeo/atomeo_0.rnc'>OGC OpenSearch Extension for Earth Observation atomeo.rnc RELAX NG schema</a> <span>for required ATOM response contents.</span>
UNWRAPPED_INTERFEROGRAM,validate_response_ogc_eox_extension_compliance,0,"[""https://catalogue.nextgeoss.eu/opensearch/search.atom?productType=UNWRAPPED_INTERFEROGRAM&:19:15: error: unfinished element""]",<span>See the </span> <a class='dialog' target='_blank' href='/cwic-smart/assets/osxeo/atomeo_0.rnc'>OGC OpenSearch Extension for Earth Observation atomeo.rnc RELAX NG schema</a> <span>for required ATOM response contents.</span>
WRAPPED_INTERFEROGRAM,validate_response_ogc_eox_extension_compliance,0,"[""https://catalogue.nextgeoss.eu/opensearch/search.atom?productType=WRAPPED_INTERFEROGRAM&:195:30: error: unfinished element""]",<span>See the </span> <a class='dialog' target='_blank' href='/cwic-smart/assets/osxeo/atomeo_0.rnc'>OGC OpenSearch Extension for Earth Observation atomeo.rnc RELAX NG schema</a> <span>for required ATOM response contents.</span>
SPATIAL_COHERENCE,validate_response_ogc_eox_extension_compliance,0,"[""https://catalogue.nextgeoss.eu/opensearch/search.atom?productType=SPATIAL_COHERENCE&:19:15: error: unfinished element""]",<span>See the </span> <a class='dialog' target='_blank' href='/cwic-smart/assets/osxeo/atomeo_0.rnc'>OGC OpenSearch Extension for Earth Observation atomeo.rnc RELAX NG schema</a> <span>for required ATOM response contents.</span>
LOS_DISPLACEMENT_TIMESERIES,validate_response_ogc_eox_extension_compliance,0,"[""https://catalogue.nextgeoss.eu/opensearch/search.atom?productType=LOS_DISPLACEMENT_TIMESERIES&:19:15: error: unfinished element""]",<span>See the </span> <a class='dialog' target='_blank' href='/cwic-smart/assets/osxeo/atomeo_0.rnc'>OGC OpenSearch Extension for Earth Observation atomeo.rnc RELAX NG schema</a> <span>for required ATOM response contents.</span>
INTERFEROGRAM_APS_GLOBAL_MODEL,validate_response_ogc_eox_extension_compliance,0,"[""https://catalogue.nextgeoss.eu/opensearch/search.atom?productType=INTERFEROGRAM_APS_GLOBAL_MODEL&:19:15: error: unfinished element""]",<span>See the </span> <a class='dialog' target='_blank' href='/cwic-smart/assets/osxeo/atomeo_0.rnc'>OGC OpenSearch Extension for Earth Observation atomeo.rnc RELAX NG schema</a> <span>for required ATOM response contents.</span>
MAP_OF_LOS_VECTOR,validate_response_ogc_eox_extension_compliance,0,"[""https://catalogue.nextgeoss.eu/opensearch/search.atom?productType=MAP_OF_LOS_VECTOR&:19:15: error: unfinished element""]",<span>See the </span> <a class='dialog' target='_blank' href='/cwic-smart/assets/osxeo/atomeo_0.rnc'>OGC OpenSearch Extension for Earth Observation atomeo.rnc RELAX NG schema</a> <span>for required ATOM response contents.</span>
SIMOCEAN_SURFACE_WIND_FORECAST_FROM_AROME,validate_response_ogc_eox_extension_compliance,0,"[""https://catalogue.nextgeoss.eu/opensearch/search.atom?productType=SIMOCEAN_SURFACE_WIND_FORECAST_FROM_AROME&:19:15: error: unfinished element""]",<span>See the </span> <a class='dialog' target='_blank' href='/cwic-smart/assets/osxeo/atomeo_0.rnc'>OGC OpenSearch Extension for Earth Observation atomeo.rnc RELAX NG schema</a> <span>for required ATOM response contents.</span>
SIMOCEAN_CLOUDINESS_FORECAST_FROM_AROME,validate_response_ogc_eox_extension_compliance,0,"[""https://catalogue.nextgeoss.eu/opensearch/search.atom?productType=SIMOCEAN_CLOUDINESS_FORECAST_FROM_AROME&:19:15: error: unfinished element""]",<span>See the </span> <a class='dialog' target='_blank' href='/cwic-smart/assets/osxeo/atomeo_0.rnc'>OGC OpenSearch Extension for Earth Observation atomeo.rnc RELAX NG schema</a> <span>for required ATOM response contents.</span>
SIMOCEAN_SURFACE_CURRENTS_FROM_HF_RADAR,validate_response_ogc_eox_extension_compliance,0,"[""https://catalogue.nextgeoss.eu/opensearch/search.atom?productType=SIMOCEAN_SURFACE_CURRENTS_FROM_HF_RADAR&:560:30: error: unfinished element""]",<span>See the </span> <a class='dialog' target='_blank' href='/cwic-smart/assets/osxeo/atomeo_0.rnc'>OGC OpenSearch Extension for Earth Observation atomeo.rnc RELAX NG schema</a> <span>for required ATOM response contents.</span>
SIMOCEAN_NEARSHORE_SEA_STATE_FORECAST_FROM_SWAN,validate_response_ogc_eox_extension_compliance,0,"[""https://catalogue.nextgeoss.eu/opensearch/search.atom?productType=SIMOCEAN_NEARSHORE_SEA_STATE_FORECAST_FROM_SWAN&:580:30: error: unfinished element""]",<span>See the </span> <a class='dialog' target='_blank' href='/cwic-smart/assets/osxeo/atomeo_0.rnc'>OGC OpenSearch Extension for Earth Observation atomeo.rnc RELAX NG schema</a> <span>for required ATOM response contents.</span>
SIMOCEAN_PORT_SEA_STATE_FORECAST_FROM_SMARTWAVE,validate_response_ogc_eox_extension_compliance,0,"[""https://catalogue.nextgeoss.eu/opensearch/search.atom?productType=SIMOCEAN_PORT_SEA_STATE_FORECAST_FROM_SMARTWAVE&:580:30: error: unfinished element""]",<span>See the </span> <a class='dialog' target='_blank' href='/cwic-smart/assets/osxeo/atomeo_0.rnc'>OGC OpenSearch Extension for Earth Observation atomeo.rnc RELAX NG schema</a> <span>for required ATOM response contents.</span>
SIMOCEAN_DATA_FROM_MULTIPARAMETRIC_BUOYS,validate_response_ogc_eox_extension_compliance,0,"[""https://catalogue.nextgeoss.eu/opensearch/search.atom?productType=SIMOCEAN_DATA_FROM_MULTIPARAMETRIC_BUOYS&:1215:30: error: unfinished element""]",<span>See the </span> <a class='dialog' target='_blank' href='/cwic-smart/assets/osxeo/atomeo_0.rnc'>OGC OpenSearch Extension for Earth Observation atomeo.rnc RELAX NG schema</a> <span>for required ATOM response contents.</span>
SIMOCEAN_TIDAL_DATA,validate_response_ogc_eox_extension_compliance,0,"[""https://catalogue.nextgeoss.eu/opensearch/search.atom?productType=SIMOCEAN_TIDAL_DATA&:480:30: error: unfinished element""]",<span>See the </span> <a class='dialog' target='_blank' href='/cwic-smart/assets/osxeo/atomeo_0.rnc'>OGC OpenSearch Extension for Earth Observation atomeo.rnc RELAX NG schema</a> <span>for required ATOM response contents.</span>
SIMOCEAN_SURFACE_FORECAST_FROM_HYCOM,validate_response_ogc_eox_extension_compliance,0,"[""https://catalogue.nextgeoss.eu/opensearch/search.atom?productType=SIMOCEAN_SURFACE_FORECAST_FROM_HYCOM&:559:30: error: unfinished element""]",<span>See the </span> <a class='dialog' target='_blank' href='/cwic-smart/assets/osxeo/atomeo_0.rnc'>OGC OpenSearch Extension for Earth Observation atomeo.rnc RELAX NG schema</a> <span>for required ATOM response contents.</span>
SIMOCEAN_SEA_SURFACE_WIND_FORECAST,validate_response_ogc_eox_extension_compliance,0,"[""https://catalogue.nextgeoss.eu/opensearch/search.atom?productType=SIMOCEAN_SEA_SURFACE_WIND_FORECAST&:19:15: error: unfinished element""]",<span>See the </span> <a class='dialog' target='_blank' href='/cwic-smart/assets/osxeo/atomeo_0.rnc'>OGC OpenSearch Extension for Earth Observation atomeo.rnc RELAX NG schema</a> <span>for required ATOM response contents.</span>
SIMOCEAN_MEAN_SEA_LEVEL_PRESSURE_FORECAST,validate_response_ogc_eox_extension_compliance,0,"[""https://catalogue.nextgeoss.eu/opensearch/search.atom?productType=SIMOCEAN_MEAN_SEA_LEVEL_PRESSURE_FORECAST&:19:15: error: unfinished element""]",<span>See the </span> <a class='dialog' target='_blank' href='/cwic-smart/assets/osxeo/atomeo_0.rnc'>OGC OpenSearch Extension for Earth Observation atomeo.rnc RELAX NG schema</a> <span>for required ATOM response contents.</span>
SIMOCEAN_SEA_SURFACE_TEMPERATURE_FORECAST,validate_response_ogc_eox_extension_compliance,0,"[""https://catalogue.nextgeoss.eu/opensearch/search.atom?productType=SIMOCEAN_SEA_SURFACE_TEMPERATURE_FORECAST&:19:15: error: unfinished element""]",<span>See the </span> <a class='dialog' target='_blank' href='/cwic-smart/assets/osxeo/atomeo_0.rnc'>OGC OpenSearch Extension for Earth Observation atomeo.rnc RELAX NG schema</a> <span>for required ATOM response contents.</span>
SIMOCEAN_AIR_SURFACE_TEMPERATURE_FORECAST,validate_response_ogc_eox_extension_compliance,0,"[""https://catalogue.nextgeoss.eu/opensearch/search.atom?productType=SIMOCEAN_AIR_SURFACE_TEMPERATURE_FORECAST&:19:15: error: unfinished element""]",<span>See the </span> <a class='dialog' target='_blank' href='/cwic-smart/assets/osxeo/atomeo_0.rnc'>OGC OpenSearch Extension for Earth Observation atomeo.rnc RELAX NG schema</a> <span>for required ATOM response contents.</span>
SIMOCEAN_SEA_WAVE_DIRECTION_FORECAST,validate_response_ogc_eox_extension_compliance,0,"[""https://catalogue.nextgeoss.eu/opensearch/search.atom?productType=SIMOCEAN_SEA_WAVE_DIRECTION_FORECAST&:19:15: error: unfinished element""]",<span>See the </span> <a class='dialog' target='_blank' href='/cwic-smart/assets/osxeo/atomeo_0.rnc'>OGC OpenSearch Extension for Earth Observation atomeo.rnc RELAX NG schema</a> <span>for required ATOM response contents.</span>
SIMOCEAN_SEA_WAVE_PERIOD_FORECAST,validate_response_ogc_eox_extension_compliance,0,"[""https://catalogue.nextgeoss.eu/opensearch/search.atom?productType=SIMOCEAN_SEA_WAVE_PERIOD_FORECAST&:19:15: error: unfinished element""]",<span>See the </span> <a class='dialog' target='_blank' href='/cwic-smart/assets/osxeo/atomeo_0.rnc'>OGC OpenSearch Extension for Earth Observation atomeo.rnc RELAX NG schema</a> <span>for required ATOM response contents.</span>
SIMOCEAN_PRECIPITATION_FORECAST_FROM_AROME,validate_response_ogc_eox_extension_compliance,0,"[""https://catalogue.nextgeoss.eu/opensearch/search.atom?productType=SIMOCEAN_PRECIPITATION_FORECAST_FROM_AROME&:19:15: error: unfinished element""]",<span>See the </span> <a class='dialog' target='_blank' href='/cwic-smart/assets/osxeo/atomeo_0.rnc'>OGC OpenSearch Extension for Earth Observation atomeo.rnc RELAX NG schema</a> <span>for required ATOM response contents.</span>
SIMOCEAN_SIGNIFICANT_WAVE_HEIGHT_FORECAST,validate_response_ogc_eox_extension_compliance,0,"[""https://catalogue.nextgeoss.eu/opensearch/search.atom?productType=SIMOCEAN_SIGNIFICANT_WAVE_HEIGHT_FORECAST&:19:15: error: unfinished element""]",<span>See the </span> <a class='dialog' target='_blank' href='/cwic-smart/assets/osxeo/atomeo_0.rnc'>OGC OpenSearch Extension for Earth Observation atomeo.rnc RELAX NG schema</a> <span>for required ATOM response contents.</span>
EBAS_NILU_DATA_ARCHIVE,validate_response_ogc_eox_extension_compliance,0,"[""https://catalogue.nextgeoss.eu/opensearch/search.atom?productType=EBAS_NILU_DATA_ARCHIVE&:19:15: error: unfinished element""]",<span>See the </span> <a class='dialog' target='_blank' href='/cwic-smart/assets/osxeo/atomeo_0.rnc'>OGC OpenSearch Extension for Earth Observation atomeo.rnc RELAX NG schema</a> <span>for required ATOM response contents.</span>
AVERAGE_FLOOD_SIGNAL,validate_response_ogc_eox_extension_compliance,0,"[""https://catalogue.nextgeoss.eu/opensearch/search.atom?productType=AVERAGE_FLOOD_SIGNAL&:460:30: error: unfinished element""]",<span>See the </span> <a class='dialog' target='_blank' href='/cwic-smart/assets/osxeo/atomeo_0.rnc'>OGC OpenSearch Extension for Earth Observation atomeo.rnc RELAX NG schema</a> <span>for required ATOM response contents.</span>
AVERAGE_FLOOD_MAGNITUDE,validate_response_ogc_eox_extension_compliance,0,"[""https://catalogue.nextgeoss.eu/opensearch/search.atom?productType=AVERAGE_FLOOD_MAGNITUDE&:460:30: error: unfinished element""]",<span>See the </span> <a class='dialog' target='_blank' href='/cwic-smart/assets/osxeo/atomeo_0.rnc'>OGC OpenSearch Extension for Earth Observation atomeo.rnc RELAX NG schema</a> <span>for required ATOM response contents.</span>
